-- Generated by scripts/gen-seed.mjs.  Do not edit by hand;
-- regenerate via:  node scripts/gen-seed.mjs > db/seed.sql
-- 25 customer orders × 2 RFS orders × 17 tasks/CO = 50 RFS + 425 tasks

INSERT INTO wm_customer_order VALUES
  ('co-0010001','CO-26-7T4K-NM9P','2026-03-27','Test1 Customer','Willbecke 12','Borken','+49 2861 937-113',NULL,100,'Completed',1,'SDU-GFTAL-NE4'),
  ('co-0010002','CO-26-Q2H5-3FXR','2026-03-30','Test4 Customer','Willbecke 13','Borken','+49 2861 974-226',NULL,100,'Completed',1,'SDU-GFTAL-NE4'),
  ('co-0010003','CO-26-BWZ8-K1JD','2026-03-22','Test7 Customer','Willbecke 14','Borken','+49 2861 911-339',NULL,100,'Completed',1,'SDU-GFTAL-HTP'),
  ('co-0010004','CO-26-RT63-PVH7','2026-04-06','Test3 Customer','Willbecke 15','Borken','+49 2861 948-452','2026-05-18T09:00:00Z',103,'in progress',1,'SDU-GFTAL-NE4'),
  ('co-0010005','CO-26-5SXM-9NGT','2026-04-04','Test6 Customer','Willbecke 16','Borken','+49 2861 985-565',NULL,103,'in progress',1,'SDU-GFTAL-NE4'),
  ('co-0010006','CO-26-ZF2D-J8KH','2026-04-01','Test9 Customer','Hauptstraße 5','Borken','+49 2861 922-678',NULL,103,'in progress',1,'SDU-GFTAL-HTP'),
  ('co-0010007','CO-26-MQ7T-V4P6','2026-04-06','Test2 Customer','Hauptstraße 7','Borken','+49 2861 959-791',NULL,108,'Fallout',1,'SDU-GFTAL-NE4'),
  ('co-0010008','CO-26-K9BS-N3RW','2026-04-04','Test5 Customer','Hauptstraße 9','Borken','+49 2861 996-904',NULL,108,'Fallout',1,'SDU-GFTAL-NE4'),
  ('co-0010009','CO-26-8XGH-CMD2','2026-04-28','Test8 Customer','Willbecke 17','Borken','+49 2861 933-017',NULL,101,'Open',1,'SDU-GFTAL-NE4'),
  ('co-0010010','CO-26-VP5N-7JBQ','2026-04-29','Test10 Customer','Willbecke 18','Borken','+49 2861 970-130','2026-05-21T13:30:00Z',101,'Open',1,'SDU-GFTAL-NE4'),
  ('co-0010011','CO-26-T3FH-DK4M','2026-04-14','Test1 Customer','Willbecke 19','Borken','+49 2861 907-243',NULL,102,'in progress',1,'SDU-GFTAL-NE4'),
  ('co-0010012','CO-26-9GMS-NB7P','2026-03-22','Test3 Customer','Hauptstraße 11','Borken','+49 2861 944-356',NULL,109,'Cancellation in progress',1,'SDU-GFTAL-HTP'),
  ('co-0010013','CO-26-QRH8-2VKZ','2026-04-08','Test2 Customer','Hauptstraße 3','Borken','+49 2861 981-469',NULL,103,'in progress',4,'MDU-GFTAL-NE4'),
  ('co-0010014','CO-26-B6DN-S4FT','2026-04-10','Test6 Customer','Hauptstraße 1','Borken','+49 2861 918-582',NULL,103,'in progress',6,'MDU-PHA Full Expansion-NE4'),
  ('co-0010015','CO-26-3KJM-XPN9','2026-04-02','Test4 Customer','Willbecke 20','Borken','+49 2861 955-695',NULL,102,'in progress',1,'SDU-GFTAL-NE4'),
  ('co-0010016','CO-26-HFGS-T7QB','2026-04-30','Test7 Customer','Hauptstraße 13','Borken','+49 2861 992-808','2026-05-23T10:00:00Z',101,'Open',1,'SDU-GFTAL-NE4'),
  ('co-0010017','CO-26-PNT4-MK9D','2026-04-29','Test9 Customer','Hauptstraße 15','Borken','+49 2861 929-921',NULL,101,'Open',1,'SDU-GFTAL-HTP'),
  ('co-0010018','CO-26-Z2JB-5RXH','2026-04-03','Test5 Customer','Hauptstraße 17','Borken','+49 2861 966-034',NULL,103,'in progress',1,'SDU-GFTAL-NE4'),
  ('co-0010019','CO-26-47KP-FBDM','2026-04-08','Test8 Customer','Hauptstraße 19','Borken','+49 2861 903-147',NULL,103,'in progress',1,'SDU-GFTAL-NE4'),
  ('co-0010020','CO-26-MXNT-6QSH','2026-04-07','Test10 Customer','Hauptstraße 21','Borken','+49 2861 940-260',NULL,102,'in progress',1,'SDU-GFTAL-NE4'),
  ('co-0010021','CO-26-S5HD-N3PV','2026-04-06','Test1 Customer','Hauptstraße 23','Borken','+49 2861 977-373',NULL,102,'in progress',1,'MDU-PHA Standard-NA'),
  ('co-0010022','CO-26-B8MR-JK4G','2026-04-01','Test3 Customer','Willbecke 21','Borken','+49 2861 914-486',NULL,105,'in progress',2,'MDU-GFTAL-NE4'),
  ('co-0010023','CO-26-T6PQ-SXHN','2026-03-22','Test6 Customer','Willbecke 22','Borken','+49 2861 951-599',NULL,107,'in progress',1,'SDU-GFTAL-NE4'),
  ('co-0010024','CO-26-94KD-V7BM','2026-04-05','Test2 Customer','Hauptstraße 25','Borken','+49 2861 988-712',NULL,103,'in progress',8,'MDU-PHA Full Expansion-NE4'),
  ('co-0010025','CO-26-F3RJ-PQNH','2026-03-11','Test4 Customer','Willbecke 23','Borken','+49 2861 925-825',NULL,100,'Completed',1,'SDU-GFTAL-HTP');

INSERT INTO wm_rfs_order VALUES
  ('rfs-0020001','RFS0020001','co-0010001','LMA'),
  ('rfs-0020026','RFS0020026','co-0010001','Connectivity'),
  ('rfs-0020002','RFS0020002','co-0010002','LMA'),
  ('rfs-0020027','RFS0020027','co-0010002','Connectivity'),
  ('rfs-0020003','RFS0020003','co-0010003','LMA'),
  ('rfs-0020028','RFS0020028','co-0010003','Connectivity'),
  ('rfs-0020004','RFS0020004','co-0010004','LMA'),
  ('rfs-0020029','RFS0020029','co-0010004','Connectivity'),
  ('rfs-0020005','RFS0020005','co-0010005','LMA'),
  ('rfs-0020030','RFS0020030','co-0010005','Connectivity'),
  ('rfs-0020006','RFS0020006','co-0010006','LMA'),
  ('rfs-0020031','RFS0020031','co-0010006','Connectivity'),
  ('rfs-0020007','RFS0020007','co-0010007','LMA'),
  ('rfs-0020032','RFS0020032','co-0010007','Connectivity'),
  ('rfs-0020008','RFS0020008','co-0010008','LMA'),
  ('rfs-0020033','RFS0020033','co-0010008','Connectivity'),
  ('rfs-0020009','RFS0020009','co-0010009','LMA'),
  ('rfs-0020034','RFS0020034','co-0010009','Connectivity'),
  ('rfs-0020010','RFS0020010','co-0010010','LMA'),
  ('rfs-0020035','RFS0020035','co-0010010','Connectivity'),
  ('rfs-0020011','RFS0020011','co-0010011','LMA'),
  ('rfs-0020036','RFS0020036','co-0010011','Connectivity'),
  ('rfs-0020012','RFS0020012','co-0010012','LMA'),
  ('rfs-0020037','RFS0020037','co-0010012','Connectivity'),
  ('rfs-0020013','RFS0020013','co-0010013','LMA'),
  ('rfs-0020038','RFS0020038','co-0010013','Connectivity'),
  ('rfs-0020014','RFS0020014','co-0010014','LMA'),
  ('rfs-0020039','RFS0020039','co-0010014','Connectivity'),
  ('rfs-0020015','RFS0020015','co-0010015','LMA'),
  ('rfs-0020040','RFS0020040','co-0010015','Connectivity'),
  ('rfs-0020016','RFS0020016','co-0010016','LMA'),
  ('rfs-0020041','RFS0020041','co-0010016','Connectivity'),
  ('rfs-0020017','RFS0020017','co-0010017','LMA'),
  ('rfs-0020042','RFS0020042','co-0010017','Connectivity'),
  ('rfs-0020018','RFS0020018','co-0010018','LMA'),
  ('rfs-0020043','RFS0020043','co-0010018','Connectivity'),
  ('rfs-0020019','RFS0020019','co-0010019','LMA'),
  ('rfs-0020044','RFS0020044','co-0010019','Connectivity'),
  ('rfs-0020020','RFS0020020','co-0010020','LMA'),
  ('rfs-0020045','RFS0020045','co-0010020','Connectivity'),
  ('rfs-0020021','RFS0020021','co-0010021','LMA'),
  ('rfs-0020046','RFS0020046','co-0010021','Connectivity'),
  ('rfs-0020022','RFS0020022','co-0010022','LMA'),
  ('rfs-0020047','RFS0020047','co-0010022','Connectivity'),
  ('rfs-0020023','RFS0020023','co-0010023','LMA'),
  ('rfs-0020048','RFS0020048','co-0010023','Connectivity'),
  ('rfs-0020024','RFS0020024','co-0010024','LMA'),
  ('rfs-0020049','RFS0020049','co-0010024','Connectivity'),
  ('rfs-0020025','RFS0020025','co-0010025','LMA'),
  ('rfs-0020050','RFS0020050','co-0010025','Connectivity');

INSERT INTO wm_task VALUES
  ('wot-0030001','WOT0030001','rfs-0020001','LMA','HV-S','HV','Done','Field Ops Team A','2026-04-25T10:15:00Z'),
  ('wot-0030002','WOT0030002','rfs-0020001','LMA','UV-S','UV','not applicable','','2026-04-25T10:15:00Z'),
  ('wot-0030003','WOT0030003','rfs-0020001','LMA','HV-NE4','HV4','Done','Field Ops Team A','2026-04-26T09:00:00Z'),
  ('wot-0030004','WOT0030004','rfs-0020001','LMA','UV-NE4','UV4','not applicable','','2026-04-25T10:15:00Z'),
  ('wot-0030005','WOT0030005','rfs-0020001','LMA','GIS Planung','GP','Done','GIS Team','2026-04-10T14:00:00Z'),
  ('wot-0030006','WOT0030006','rfs-0020001','LMA','Fremdleitungsplan','LLD','Done','GIS Team','2026-04-11T11:00:00Z'),
  ('wot-0030007','WOT0030007','rfs-0020001','LMA','Genehmigungen','PM','Done','Permits Team','2026-04-12T09:30:00Z'),
  ('wot-0030008','WOT0030008','rfs-0020001','LMA','Tiefbau','CV','Done','Civil Works Team','2026-04-14T16:00:00Z'),
  ('wot-0030009','WOT0030009','rfs-0020001','LMA','Spleißen','SP','Done','Fiber Ops Team','2026-04-18T11:00:00Z'),
  ('wot-0030010','WOT0030010','rfs-0020001','LMA','Einblasen','BF','Done','Fiber Ops Team','2026-04-19T14:00:00Z'),
  ('wot-0030011','WOT0030011','rfs-0020001','LMA','Gartenbohrung','GD','Done','Drilling Team','2026-04-20T10:00:00Z'),
  ('wot-0030012','WOT0030012','rfs-0020001','LMA','Hauseinführung','WB','Done','Install Team','2026-04-21T15:00:00Z'),
  ('wot-0030013','WOT0030013','rfs-0020001','LMA','HÜP','HÜP','Done','Install Team','2026-04-22T10:00:00Z'),
  ('wot-0030014','WOT0030014','rfs-0020001','LMA','Leitungsweg NE4','CW4','Done','Install Team','2026-04-23T09:00:00Z'),
  ('wot-0030015','WOT0030015','rfs-0020001','LMA','GFTA','GFTA','Done','Install Team','2026-04-24T14:00:00Z'),
  ('wot-0030016','WOT0030016','rfs-0020026','Connectivity','ONT','ONT','Done','Install Team','2026-04-25T09:00:00Z'),
  ('wot-0030017','WOT0030017','rfs-0020001','LMA','Patch','PCH','Done','Patch Team','2026-04-25T10:15:00Z'),
  ('wot-0030018','WOT0030018','rfs-0020002','LMA','HV-S','HV','Done','Field Ops Team B','2026-04-28T11:00:00Z'),
  ('wot-0030019','WOT0030019','rfs-0020002','LMA','UV-S','UV','not applicable','','2026-04-28T11:00:00Z'),
  ('wot-0030020','WOT0030020','rfs-0020002','LMA','HV-NE4','HV4','Done','Field Ops Team B','2026-04-28T14:00:00Z'),
  ('wot-0030021','WOT0030021','rfs-0020002','LMA','UV-NE4','UV4','not applicable','','2026-04-28T11:00:00Z'),
  ('wot-0030022','WOT0030022','rfs-0020002','LMA','GIS Planung','GP','Done','GIS Team','2026-04-13T09:00:00Z'),
  ('wot-0030023','WOT0030023','rfs-0020002','LMA','Fremdleitungsplan','LLD','Done','GIS Team','2026-04-14T10:00:00Z'),
  ('wot-0030024','WOT0030024','rfs-0020002','LMA','Genehmigungen','PM','Done','Permits Team','2026-04-15T11:00:00Z'),
  ('wot-0030025','WOT0030025','rfs-0020002','LMA','Tiefbau','CV','Done','Civil Works Team','2026-04-17T13:00:00Z'),
  ('wot-0030026','WOT0030026','rfs-0020002','LMA','Spleißen','SP','Done','Fiber Ops Team','2026-04-20T09:00:00Z'),
  ('wot-0030027','WOT0030027','rfs-0020002','LMA','Einblasen','BF','Done','Fiber Ops Team','2026-04-21T11:00:00Z'),
  ('wot-0030028','WOT0030028','rfs-0020002','LMA','Gartenbohrung','GD','Done','Drilling Team','2026-04-22T09:00:00Z'),
  ('wot-0030029','WOT0030029','rfs-0020002','LMA','Hauseinführung','WB','Done','Install Team','2026-04-23T14:00:00Z'),
  ('wot-0030030','WOT0030030','rfs-0020002','LMA','HÜP','HÜP','Done','Install Team','2026-04-24T10:00:00Z'),
  ('wot-0030031','WOT0030031','rfs-0020002','LMA','Leitungsweg NE4','CW4','Done','Install Team','2026-04-25T11:00:00Z'),
  ('wot-0030032','WOT0030032','rfs-0020002','LMA','GFTA','GFTA','Done','Install Team','2026-04-26T14:00:00Z'),
  ('wot-0030033','WOT0030033','rfs-0020027','Connectivity','ONT','ONT','Done','Install Team','2026-04-28T10:00:00Z'),
  ('wot-0030034','WOT0030034','rfs-0020002','LMA','Patch','PCH','Done','Patch Team','2026-04-28T11:00:00Z'),
  ('wot-0030035','WOT0030035','rfs-0020003','LMA','HV-S','HV','Done','Field Ops Team C','2026-04-30T10:00:00Z'),
  ('wot-0030036','WOT0030036','rfs-0020003','LMA','UV-S','UV','not applicable','','2026-04-30T10:00:00Z'),
  ('wot-0030037','WOT0030037','rfs-0020003','LMA','HV-NE4','HV4','not applicable','','2026-04-30T10:00:00Z'),
  ('wot-0030038','WOT0030038','rfs-0020003','LMA','UV-NE4','UV4','not applicable','','2026-04-30T10:00:00Z'),
  ('wot-0030039','WOT0030039','rfs-0020003','LMA','GIS Planung','GP','Done','GIS Team','2026-04-05T09:00:00Z'),
  ('wot-0030040','WOT0030040','rfs-0020003','LMA','Fremdleitungsplan','LLD','Done','GIS Team','2026-04-06T10:00:00Z'),
  ('wot-0030041','WOT0030041','rfs-0020003','LMA','Genehmigungen','PM','Done','Permits Team','2026-04-07T11:00:00Z'),
  ('wot-0030042','WOT0030042','rfs-0020003','LMA','Tiefbau','CV','Done','Civil Works Team','2026-04-10T14:00:00Z'),
  ('wot-0030043','WOT0030043','rfs-0020003','LMA','Spleißen','SP','Done','Fiber Ops Team','2026-04-15T10:00:00Z'),
  ('wot-0030044','WOT0030044','rfs-0020003','LMA','Einblasen','BF','Done','Fiber Ops Team','2026-04-16T11:00:00Z'),
  ('wot-0030045','WOT0030045','rfs-0020003','LMA','Gartenbohrung','GD','Done','Drilling Team','2026-04-18T09:00:00Z'),
  ('wot-0030046','WOT0030046','rfs-0020003','LMA','Hauseinführung','WB','Done','Install Team','2026-04-22T14:00:00Z'),
  ('wot-0030047','WOT0030047','rfs-0020003','LMA','HÜP','HÜP','Done','Install Team','2026-04-25T10:00:00Z'),
  ('wot-0030048','WOT0030048','rfs-0020003','LMA','Leitungsweg NE4','CW4','not applicable','','2026-04-30T10:00:00Z'),
  ('wot-0030049','WOT0030049','rfs-0020003','LMA','GFTA','GFTA','Done','Install Team','2026-04-28T14:00:00Z'),
  ('wot-0030050','WOT0030050','rfs-0020028','Connectivity','ONT','ONT','Done','Install Team','2026-04-29T10:00:00Z'),
  ('wot-0030051','WOT0030051','rfs-0020003','LMA','Patch','PCH','Done','Patch Team','2026-04-30T10:00:00Z'),
  ('wot-0030052','WOT0030052','rfs-0020004','LMA','HV-S','HV','Done','Field Ops Team A','2026-05-02T09:00:00Z'),
  ('wot-0030053','WOT0030053','rfs-0020004','LMA','UV-S','UV','not applicable','','2026-05-02T09:00:00Z'),
  ('wot-0030054','WOT0030054','rfs-0020004','LMA','HV-NE4','HV4','Scheduled','Field Ops Team A','2026-05-10T10:00:00Z'),
  ('wot-0030055','WOT0030055','rfs-0020004','LMA','UV-NE4','UV4','not applicable','','2026-05-02T09:00:00Z'),
  ('wot-0030056','WOT0030056','rfs-0020004','LMA','GIS Planung','GP','Done','GIS Team','2026-04-20T09:00:00Z'),
  ('wot-0030057','WOT0030057','rfs-0020004','LMA','Fremdleitungsplan','LLD','Done','GIS Team','2026-04-21T10:00:00Z'),
  ('wot-0030058','WOT0030058','rfs-0020004','LMA','Genehmigungen','PM','Done','Permits Team','2026-04-22T11:00:00Z'),
  ('wot-0030059','WOT0030059','rfs-0020004','LMA','Tiefbau','CV','Done','Civil Works Team','2026-04-27T14:00:00Z'),
  ('wot-0030060','WOT0030060','rfs-0020004','LMA','Spleißen','SP','Done','Fiber Ops Team','2026-05-01T10:00:00Z'),
  ('wot-0030061','WOT0030061','rfs-0020004','LMA','Einblasen','BF','Done','Fiber Ops Team','2026-05-01T14:00:00Z'),
  ('wot-0030062','WOT0030062','rfs-0020004','LMA','Gartenbohrung','GD','Done','Drilling Team','2026-04-30T09:00:00Z'),
  ('wot-0030063','WOT0030063','rfs-0020004','LMA','Hauseinführung','WB','Assigned','Install Team','2026-05-08T09:00:00Z'),
  ('wot-0030064','WOT0030064','rfs-0020004','LMA','HÜP','HÜP','Assigned','Install Team','2026-05-08T09:00:00Z'),
  ('wot-0030065','WOT0030065','rfs-0020004','LMA','Leitungsweg NE4','CW4','Assigned','Install Team','2026-05-08T09:00:00Z'),
  ('wot-0030066','WOT0030066','rfs-0020004','LMA','GFTA','GFTA','Assigned','Install Team','2026-05-08T09:00:00Z'),
  ('wot-0030067','WOT0030067','rfs-0020029','Connectivity','ONT','ONT','Pending Dispatch','','2026-05-09T09:00:00Z'),
  ('wot-0030068','WOT0030068','rfs-0020004','LMA','Patch','PCH','Pending Dispatch','','2026-05-09T09:00:00Z'),
  ('wot-0030069','WOT0030069','rfs-0020005','LMA','HV-S','HV','Done','Field Ops Team B','2026-05-01T10:00:00Z'),
  ('wot-0030070','WOT0030070','rfs-0020005','LMA','UV-S','UV','not applicable','','2026-05-01T10:00:00Z'),
  ('wot-0030071','WOT0030071','rfs-0020005','LMA','HV-NE4','HV4','Done','Field Ops Team B','2026-05-02T10:00:00Z'),
  ('wot-0030072','WOT0030072','rfs-0020005','LMA','UV-NE4','UV4','not applicable','','2026-05-01T10:00:00Z'),
  ('wot-0030073','WOT0030073','rfs-0020005','LMA','GIS Planung','GP','Done','GIS Team','2026-04-18T09:00:00Z'),
  ('wot-0030074','WOT0030074','rfs-0020005','LMA','Fremdleitungsplan','LLD','Done','GIS Team','2026-04-19T10:00:00Z'),
  ('wot-0030075','WOT0030075','rfs-0020005','LMA','Genehmigungen','PM','Done','Permits Team','2026-04-21T11:00:00Z'),
  ('wot-0030076','WOT0030076','rfs-0020005','LMA','Tiefbau','CV','Done','Civil Works Team','2026-04-25T14:00:00Z'),
  ('wot-0030077','WOT0030077','rfs-0020005','LMA','Spleißen','SP','Work In Progress','Fiber Ops Team','2026-05-10T08:00:00Z'),
  ('wot-0030078','WOT0030078','rfs-0020005','LMA','Einblasen','BF','Assigned','Fiber Ops Team','2026-05-07T09:00:00Z'),
  ('wot-0030079','WOT0030079','rfs-0020005','LMA','Gartenbohrung','GD','Done','Drilling Team','2026-04-29T10:00:00Z'),
  ('wot-0030080','WOT0030080','rfs-0020005','LMA','Hauseinführung','WB','Pending Dispatch','','2026-05-09T09:00:00Z'),
  ('wot-0030081','WOT0030081','rfs-0020005','LMA','HÜP','HÜP','Pending Dispatch','','2026-05-09T09:00:00Z'),
  ('wot-0030082','WOT0030082','rfs-0020005','LMA','Leitungsweg NE4','CW4','Pending Dispatch','','2026-05-09T09:00:00Z'),
  ('wot-0030083','WOT0030083','rfs-0020005','LMA','GFTA','GFTA','Pending Dispatch','','2026-05-09T09:00:00Z'),
  ('wot-0030084','WOT0030084','rfs-0020030','Connectivity','ONT','ONT','Pending Dispatch','','2026-05-09T09:00:00Z'),
  ('wot-0030085','WOT0030085','rfs-0020005','LMA','Patch','PCH','Pending Dispatch','','2026-05-09T09:00:00Z'),
  ('wot-0030086','WOT0030086','rfs-0020006','LMA','HV-S','HV','Done','Field Ops Team C','2026-04-29T10:00:00Z'),
  ('wot-0030087','WOT0030087','rfs-0020006','LMA','UV-S','UV','not applicable','','2026-04-29T10:00:00Z'),
  ('wot-0030088','WOT0030088','rfs-0020006','LMA','HV-NE4','HV4','not applicable','','2026-04-29T10:00:00Z'),
  ('wot-0030089','WOT0030089','rfs-0020006','LMA','UV-NE4','UV4','not applicable','','2026-04-29T10:00:00Z'),
  ('wot-0030090','WOT0030090','rfs-0020006','LMA','GIS Planung','GP','Done','GIS Team','2026-04-15T09:00:00Z'),
  ('wot-0030091','WOT0030091','rfs-0020006','LMA','Fremdleitungsplan','LLD','Done','GIS Team','2026-04-16T10:00:00Z'),
  ('wot-0030092','WOT0030092','rfs-0020006','LMA','Genehmigungen','PM','Done','Permits Team','2026-04-18T11:00:00Z'),
  ('wot-0030093','WOT0030093','rfs-0020006','LMA','Tiefbau','CV','Work In Progress','Civil Works Team','2026-05-11T07:00:00Z'),
  ('wot-0030094','WOT0030094','rfs-0020006','LMA','Spleißen','SP','Assigned','Fiber Ops Team','2026-05-08T09:00:00Z'),
  ('wot-0030095','WOT0030095','rfs-0020006','LMA','Einblasen','BF','Pending Dispatch','','2026-05-09T09:00:00Z'),
  ('wot-0030096','WOT0030096','rfs-0020006','LMA','Gartenbohrung','GD','Pending Dispatch','','2026-05-09T09:00:00Z'),
  ('wot-0030097','WOT0030097','rfs-0020006','LMA','Hauseinführung','WB','Pending Dispatch','','2026-05-09T09:00:00Z'),
  ('wot-0030098','WOT0030098','rfs-0020006','LMA','HÜP','HÜP','Pending Dispatch','','2026-05-09T09:00:00Z'),
  ('wot-0030099','WOT0030099','rfs-0020006','LMA','Leitungsweg NE4','CW4','not applicable','','2026-04-29T10:00:00Z'),
  ('wot-0030100','WOT0030100','rfs-0020006','LMA','GFTA','GFTA','Pending Dispatch','','2026-05-09T09:00:00Z'),
  ('wot-0030101','WOT0030101','rfs-0020031','Connectivity','ONT','ONT','Pending Dispatch','','2026-05-09T09:00:00Z'),
  ('wot-0030102','WOT0030102','rfs-0020006','LMA','Patch','PCH','Pending Dispatch','','2026-05-09T09:00:00Z'),
  ('wot-0030103','WOT0030103','rfs-0020007','LMA','HV-S','HV','Pending Dispatch','','2026-05-05T09:00:00Z'),
  ('wot-0030104','WOT0030104','rfs-0020007','LMA','UV-S','UV','not applicable','','2026-05-05T09:00:00Z'),
  ('wot-0030105','WOT0030105','rfs-0020007','LMA','HV-NE4','HV4','Pending Dispatch','','2026-05-05T09:00:00Z'),
  ('wot-0030106','WOT0030106','rfs-0020007','LMA','UV-NE4','UV4','not applicable','','2026-05-05T09:00:00Z'),
  ('wot-0030107','WOT0030107','rfs-0020007','LMA','GIS Planung','GP','Done','GIS Team','2026-04-20T09:00:00Z'),
  ('wot-0030108','WOT0030108','rfs-0020007','LMA','Fremdleitungsplan','LLD','Done','GIS Team','2026-04-22T10:00:00Z'),
  ('wot-0030109','WOT0030109','rfs-0020007','LMA','Genehmigungen','PM','Problem','Permits Team','2026-05-13T14:00:00Z'),
  ('wot-0030110','WOT0030110','rfs-0020007','LMA','Tiefbau','CV','Pending Dispatch','','2026-05-05T09:00:00Z'),
  ('wot-0030111','WOT0030111','rfs-0020007','LMA','Spleißen','SP','Pending Dispatch','','2026-05-05T09:00:00Z'),
  ('wot-0030112','WOT0030112','rfs-0020007','LMA','Einblasen','BF','Pending Dispatch','','2026-05-05T09:00:00Z'),
  ('wot-0030113','WOT0030113','rfs-0020007','LMA','Gartenbohrung','GD','Pending Dispatch','','2026-05-05T09:00:00Z'),
  ('wot-0030114','WOT0030114','rfs-0020007','LMA','Hauseinführung','WB','Pending Dispatch','','2026-05-05T09:00:00Z'),
  ('wot-0030115','WOT0030115','rfs-0020007','LMA','HÜP','HÜP','Pending Dispatch','','2026-05-05T09:00:00Z'),
  ('wot-0030116','WOT0030116','rfs-0020007','LMA','Leitungsweg NE4','CW4','Pending Dispatch','','2026-05-05T09:00:00Z'),
  ('wot-0030117','WOT0030117','rfs-0020007','LMA','GFTA','GFTA','Pending Dispatch','','2026-05-05T09:00:00Z'),
  ('wot-0030118','WOT0030118','rfs-0020032','Connectivity','ONT','ONT','Pending Dispatch','','2026-05-05T09:00:00Z'),
  ('wot-0030119','WOT0030119','rfs-0020007','LMA','Patch','PCH','Pending Dispatch','','2026-05-05T09:00:00Z'),
  ('wot-0030120','WOT0030120','rfs-0020008','LMA','HV-S','HV','Done','Field Ops Team A','2026-04-30T10:00:00Z'),
  ('wot-0030121','WOT0030121','rfs-0020008','LMA','UV-S','UV','not applicable','','2026-04-30T10:00:00Z'),
  ('wot-0030122','WOT0030122','rfs-0020008','LMA','HV-NE4','HV4','Done','Field Ops Team A','2026-05-01T10:00:00Z'),
  ('wot-0030123','WOT0030123','rfs-0020008','LMA','UV-NE4','UV4','not applicable','','2026-04-30T10:00:00Z'),
  ('wot-0030124','WOT0030124','rfs-0020008','LMA','GIS Planung','GP','Done','GIS Team','2026-04-18T09:00:00Z'),
  ('wot-0030125','WOT0030125','rfs-0020008','LMA','Fremdleitungsplan','LLD','Done','GIS Team','2026-04-19T10:00:00Z'),
  ('wot-0030126','WOT0030126','rfs-0020008','LMA','Genehmigungen','PM','Done','Permits Team','2026-04-21T11:00:00Z'),
  ('wot-0030127','WOT0030127','rfs-0020008','LMA','Tiefbau','CV','Problem','Civil Works Team','2026-05-12T16:00:00Z'),
  ('wot-0030128','WOT0030128','rfs-0020008','LMA','Spleißen','SP','Pending Dispatch','','2026-05-04T09:00:00Z'),
  ('wot-0030129','WOT0030129','rfs-0020008','LMA','Einblasen','BF','Pending Dispatch','','2026-05-04T09:00:00Z'),
  ('wot-0030130','WOT0030130','rfs-0020008','LMA','Gartenbohrung','GD','Pending Dispatch','','2026-05-04T09:00:00Z'),
  ('wot-0030131','WOT0030131','rfs-0020008','LMA','Hauseinführung','WB','Pending Dispatch','','2026-05-04T09:00:00Z'),
  ('wot-0030132','WOT0030132','rfs-0020008','LMA','HÜP','HÜP','Pending Dispatch','','2026-05-04T09:00:00Z'),
  ('wot-0030133','WOT0030133','rfs-0020008','LMA','Leitungsweg NE4','CW4','Pending Dispatch','','2026-05-04T09:00:00Z'),
  ('wot-0030134','WOT0030134','rfs-0020008','LMA','GFTA','GFTA','Pending Dispatch','','2026-05-04T09:00:00Z'),
  ('wot-0030135','WOT0030135','rfs-0020033','Connectivity','ONT','ONT','Pending Dispatch','','2026-05-04T09:00:00Z'),
  ('wot-0030136','WOT0030136','rfs-0020008','LMA','Patch','PCH','Pending Dispatch','','2026-05-04T09:00:00Z'),
  ('wot-0030137','WOT0030137','rfs-0020009','LMA','HV-S','HV','Pending Dispatch','','2026-05-12T09:00:00Z'),
  ('wot-0030138','WOT0030138','rfs-0020009','LMA','UV-S','UV','not applicable','','2026-05-12T09:00:00Z'),
  ('wot-0030139','WOT0030139','rfs-0020009','LMA','HV-NE4','HV4','Pending Dispatch','','2026-05-12T09:00:00Z'),
  ('wot-0030140','WOT0030140','rfs-0020009','LMA','UV-NE4','UV4','not applicable','','2026-05-12T09:00:00Z'),
  ('wot-0030141','WOT0030141','rfs-0020009','LMA','GIS Planung','GP','Pending Dispatch','','2026-05-12T09:00:00Z'),
  ('wot-0030142','WOT0030142','rfs-0020009','LMA','Fremdleitungsplan','LLD','Pending Dispatch','','2026-05-12T09:00:00Z'),
  ('wot-0030143','WOT0030143','rfs-0020009','LMA','Genehmigungen','PM','Pending Dispatch','','2026-05-12T09:00:00Z'),
  ('wot-0030144','WOT0030144','rfs-0020009','LMA','Tiefbau','CV','Pending Dispatch','','2026-05-12T09:00:00Z'),
  ('wot-0030145','WOT0030145','rfs-0020009','LMA','Spleißen','SP','Pending Dispatch','','2026-05-12T09:00:00Z'),
  ('wot-0030146','WOT0030146','rfs-0020009','LMA','Einblasen','BF','Pending Dispatch','','2026-05-12T09:00:00Z'),
  ('wot-0030147','WOT0030147','rfs-0020009','LMA','Gartenbohrung','GD','Pending Dispatch','','2026-05-12T09:00:00Z'),
  ('wot-0030148','WOT0030148','rfs-0020009','LMA','Hauseinführung','WB','Pending Dispatch','','2026-05-12T09:00:00Z'),
  ('wot-0030149','WOT0030149','rfs-0020009','LMA','HÜP','HÜP','Pending Dispatch','','2026-05-12T09:00:00Z'),
  ('wot-0030150','WOT0030150','rfs-0020009','LMA','Leitungsweg NE4','CW4','Pending Dispatch','','2026-05-12T09:00:00Z'),
  ('wot-0030151','WOT0030151','rfs-0020009','LMA','GFTA','GFTA','Pending Dispatch','','2026-05-12T09:00:00Z'),
  ('wot-0030152','WOT0030152','rfs-0020034','Connectivity','ONT','ONT','Pending Dispatch','','2026-05-12T09:00:00Z'),
  ('wot-0030153','WOT0030153','rfs-0020009','LMA','Patch','PCH','Pending Dispatch','','2026-05-12T09:00:00Z'),
  ('wot-0030154','WOT0030154','rfs-0020010','LMA','HV-S','HV','Pending Dispatch','','2026-05-13T10:00:00Z'),
  ('wot-0030155','WOT0030155','rfs-0020010','LMA','UV-S','UV','not applicable','','2026-05-13T10:00:00Z'),
  ('wot-0030156','WOT0030156','rfs-0020010','LMA','HV-NE4','HV4','Pending Dispatch','','2026-05-13T10:00:00Z'),
  ('wot-0030157','WOT0030157','rfs-0020010','LMA','UV-NE4','UV4','not applicable','','2026-05-13T10:00:00Z'),
  ('wot-0030158','WOT0030158','rfs-0020010','LMA','GIS Planung','GP','Draft','GIS Team','2026-05-13T10:00:00Z'),
  ('wot-0030159','WOT0030159','rfs-0020010','LMA','Fremdleitungsplan','LLD','Pending Dispatch','','2026-05-13T10:00:00Z'),
  ('wot-0030160','WOT0030160','rfs-0020010','LMA','Genehmigungen','PM','Pending Dispatch','','2026-05-13T10:00:00Z'),
  ('wot-0030161','WOT0030161','rfs-0020010','LMA','Tiefbau','CV','Pending Dispatch','','2026-05-13T10:00:00Z'),
  ('wot-0030162','WOT0030162','rfs-0020010','LMA','Spleißen','SP','Pending Dispatch','','2026-05-13T10:00:00Z'),
  ('wot-0030163','WOT0030163','rfs-0020010','LMA','Einblasen','BF','Pending Dispatch','','2026-05-13T10:00:00Z'),
  ('wot-0030164','WOT0030164','rfs-0020010','LMA','Gartenbohrung','GD','Pending Dispatch','','2026-05-13T10:00:00Z'),
  ('wot-0030165','WOT0030165','rfs-0020010','LMA','Hauseinführung','WB','Pending Dispatch','','2026-05-13T10:00:00Z'),
  ('wot-0030166','WOT0030166','rfs-0020010','LMA','HÜP','HÜP','Pending Dispatch','','2026-05-13T10:00:00Z'),
  ('wot-0030167','WOT0030167','rfs-0020010','LMA','Leitungsweg NE4','CW4','Pending Dispatch','','2026-05-13T10:00:00Z'),
  ('wot-0030168','WOT0030168','rfs-0020010','LMA','GFTA','GFTA','Pending Dispatch','','2026-05-13T10:00:00Z'),
  ('wot-0030169','WOT0030169','rfs-0020035','Connectivity','ONT','ONT','Pending Dispatch','','2026-05-13T10:00:00Z'),
  ('wot-0030170','WOT0030170','rfs-0020010','LMA','Patch','PCH','Pending Dispatch','','2026-05-13T10:00:00Z'),
  ('wot-0030171','WOT0030171','rfs-0020011','LMA','HV-S','HV','Scheduled','Field Ops Team B','2026-05-16T10:00:00Z'),
  ('wot-0030172','WOT0030172','rfs-0020011','LMA','UV-S','UV','not applicable','','2026-05-10T09:00:00Z'),
  ('wot-0030173','WOT0030173','rfs-0020011','LMA','HV-NE4','HV4','Scheduled','Field Ops Team B','2026-05-17T10:00:00Z'),
  ('wot-0030174','WOT0030174','rfs-0020011','LMA','UV-NE4','UV4','not applicable','','2026-05-10T09:00:00Z'),
  ('wot-0030175','WOT0030175','rfs-0020011','LMA','GIS Planung','GP','Done','GIS Team','2026-04-28T09:00:00Z'),
  ('wot-0030176','WOT0030176','rfs-0020011','LMA','Fremdleitungsplan','LLD','Done','GIS Team','2026-04-29T10:00:00Z'),
  ('wot-0030177','WOT0030177','rfs-0020011','LMA','Genehmigungen','PM','Pending Dispatch','','2026-05-10T09:00:00Z'),
  ('wot-0030178','WOT0030178','rfs-0020011','LMA','Tiefbau','CV','Pending Dispatch','','2026-05-10T09:00:00Z'),
  ('wot-0030179','WOT0030179','rfs-0020011','LMA','Spleißen','SP','Pending Dispatch','','2026-05-10T09:00:00Z'),
  ('wot-0030180','WOT0030180','rfs-0020011','LMA','Einblasen','BF','Pending Dispatch','','2026-05-10T09:00:00Z'),
  ('wot-0030181','WOT0030181','rfs-0020011','LMA','Gartenbohrung','GD','Pending Dispatch','','2026-05-10T09:00:00Z'),
  ('wot-0030182','WOT0030182','rfs-0020011','LMA','Hauseinführung','WB','Pending Dispatch','','2026-05-10T09:00:00Z'),
  ('wot-0030183','WOT0030183','rfs-0020011','LMA','HÜP','HÜP','Pending Dispatch','','2026-05-10T09:00:00Z'),
  ('wot-0030184','WOT0030184','rfs-0020011','LMA','Leitungsweg NE4','CW4','Pending Dispatch','','2026-05-10T09:00:00Z'),
  ('wot-0030185','WOT0030185','rfs-0020011','LMA','GFTA','GFTA','Pending Dispatch','','2026-05-10T09:00:00Z'),
  ('wot-0030186','WOT0030186','rfs-0020036','Connectivity','ONT','ONT','Pending Dispatch','','2026-05-10T09:00:00Z'),
  ('wot-0030187','WOT0030187','rfs-0020011','LMA','Patch','PCH','Pending Dispatch','','2026-05-10T09:00:00Z'),
  ('wot-0030188','WOT0030188','rfs-0020012','LMA','HV-S','HV','Done','Field Ops Team C','2026-04-20T10:00:00Z'),
  ('wot-0030189','WOT0030189','rfs-0020012','LMA','UV-S','UV','not applicable','','2026-04-20T10:00:00Z'),
  ('wot-0030190','WOT0030190','rfs-0020012','LMA','HV-NE4','HV4','not applicable','','2026-04-20T10:00:00Z'),
  ('wot-0030191','WOT0030191','rfs-0020012','LMA','UV-NE4','UV4','not applicable','','2026-04-20T10:00:00Z'),
  ('wot-0030192','WOT0030192','rfs-0020012','LMA','GIS Planung','GP','Done','GIS Team','2026-04-05T09:00:00Z'),
  ('wot-0030193','WOT0030193','rfs-0020012','LMA','Fremdleitungsplan','LLD','Done','GIS Team','2026-04-06T10:00:00Z'),
  ('wot-0030194','WOT0030194','rfs-0020012','LMA','Genehmigungen','PM','Done','Permits Team','2026-04-08T11:00:00Z'),
  ('wot-0030195','WOT0030195','rfs-0020012','LMA','Tiefbau','CV','Done','Civil Works Team','2026-04-12T14:00:00Z'),
  ('wot-0030196','WOT0030196','rfs-0020012','LMA','Spleißen','SP','Done','Fiber Ops Team','2026-04-16T10:00:00Z'),
  ('wot-0030197','WOT0030197','rfs-0020012','LMA','Einblasen','BF','Done','Fiber Ops Team','2026-04-17T11:00:00Z'),
  ('wot-0030198','WOT0030198','rfs-0020012','LMA','Gartenbohrung','GD','Done','Drilling Team','2026-04-18T09:00:00Z'),
  ('wot-0030199','WOT0030199','rfs-0020012','LMA','Hauseinführung','WB','Done','Install Team','2026-04-19T14:00:00Z'),
  ('wot-0030200','WOT0030200','rfs-0020012','LMA','HÜP','HÜP','Done','Install Team','2026-04-20T09:00:00Z'),
  ('wot-0030201','WOT0030201','rfs-0020012','LMA','Leitungsweg NE4','CW4','not applicable','','2026-04-20T10:00:00Z'),
  ('wot-0030202','WOT0030202','rfs-0020012','LMA','GFTA','GFTA','Done','Install Team','2026-04-20T09:00:00Z'),
  ('wot-0030203','WOT0030203','rfs-0020037','Connectivity','ONT','ONT','not applicable','','2026-04-20T10:00:00Z'),
  ('wot-0030204','WOT0030204','rfs-0020012','LMA','Patch','PCH','not applicable','','2026-04-20T10:00:00Z'),
  ('wot-0030205','WOT0030205','rfs-0020013','LMA','HV-S','HV','not applicable','','2026-05-03T09:00:00Z'),
  ('wot-0030206','WOT0030206','rfs-0020013','LMA','UV-S','UV','Assigned','MDU Field Ops Team','2026-05-08T09:00:00Z'),
  ('wot-0030207','WOT0030207','rfs-0020013','LMA','HV-NE4','HV4','not applicable','','2026-05-03T09:00:00Z'),
  ('wot-0030208','WOT0030208','rfs-0020013','LMA','UV-NE4','UV4','Assigned','MDU Field Ops Team','2026-05-08T09:00:00Z'),
  ('wot-0030209','WOT0030209','rfs-0020013','LMA','GIS Planung','GP','Done','GIS Team','2026-04-22T09:00:00Z'),
  ('wot-0030210','WOT0030210','rfs-0020013','LMA','Fremdleitungsplan','LLD','Done','GIS Team','2026-04-23T10:00:00Z'),
  ('wot-0030211','WOT0030211','rfs-0020013','LMA','Genehmigungen','PM','Done','Permits Team','2026-04-25T11:00:00Z'),
  ('wot-0030212','WOT0030212','rfs-0020013','LMA','Tiefbau','CV','Done','Civil Works Team','2026-04-30T14:00:00Z'),
  ('wot-0030213','WOT0030213','rfs-0020013','LMA','Spleißen','SP','Done','Fiber Ops Team','2026-05-03T10:00:00Z'),
  ('wot-0030214','WOT0030214','rfs-0020013','LMA','Einblasen','BF','Done','Fiber Ops Team','2026-05-03T14:00:00Z'),
  ('wot-0030215','WOT0030215','rfs-0020013','LMA','Gartenbohrung','GD','Done','Drilling Team','2026-05-02T09:00:00Z'),
  ('wot-0030216','WOT0030216','rfs-0020013','LMA','Hauseinführung','WB','Assigned','Install Team','2026-05-08T09:00:00Z'),
  ('wot-0030217','WOT0030217','rfs-0020013','LMA','HÜP','HÜP','Assigned','Install Team','2026-05-08T09:00:00Z'),
  ('wot-0030218','WOT0030218','rfs-0020013','LMA','Leitungsweg NE4','CW4','Assigned','Install Team','2026-05-08T09:00:00Z'),
  ('wot-0030219','WOT0030219','rfs-0020013','LMA','GFTA','GFTA','Assigned','Install Team','2026-05-08T09:00:00Z'),
  ('wot-0030220','WOT0030220','rfs-0020038','Connectivity','ONT','ONT','Pending Dispatch','','2026-05-09T09:00:00Z'),
  ('wot-0030221','WOT0030221','rfs-0020013','LMA','Patch','PCH','Pending Dispatch','','2026-05-09T09:00:00Z'),
  ('wot-0030222','WOT0030222','rfs-0020014','LMA','HV-S','HV','not applicable','','2026-05-04T09:00:00Z'),
  ('wot-0030223','WOT0030223','rfs-0020014','LMA','UV-S','UV','Work In Progress','MDU Field Ops Team','2026-05-12T08:00:00Z'),
  ('wot-0030224','WOT0030224','rfs-0020014','LMA','HV-NE4','HV4','not applicable','','2026-05-04T09:00:00Z'),
  ('wot-0030225','WOT0030225','rfs-0020014','LMA','UV-NE4','UV4','Work In Progress','MDU Field Ops Team','2026-05-12T08:00:00Z'),
  ('wot-0030226','WOT0030226','rfs-0020014','LMA','GIS Planung','GP','Done','GIS Team','2026-04-24T09:00:00Z'),
  ('wot-0030227','WOT0030227','rfs-0020014','LMA','Fremdleitungsplan','LLD','Done','GIS Team','2026-04-25T10:00:00Z'),
  ('wot-0030228','WOT0030228','rfs-0020014','LMA','Genehmigungen','PM','Done','Permits Team','2026-04-27T11:00:00Z'),
  ('wot-0030229','WOT0030229','rfs-0020014','LMA','Tiefbau','CV','Done','Civil Works Team','2026-05-04T14:00:00Z'),
  ('wot-0030230','WOT0030230','rfs-0020014','LMA','Spleißen','SP','Done','Fiber Ops Team','2026-05-07T10:00:00Z'),
  ('wot-0030231','WOT0030231','rfs-0020014','LMA','Einblasen','BF','Done','Fiber Ops Team','2026-05-07T14:00:00Z'),
  ('wot-0030232','WOT0030232','rfs-0020014','LMA','Gartenbohrung','GD','Done','Drilling Team','2026-05-06T09:00:00Z'),
  ('wot-0030233','WOT0030233','rfs-0020014','LMA','Hauseinführung','WB','Assigned','Install Team','2026-05-09T09:00:00Z'),
  ('wot-0030234','WOT0030234','rfs-0020014','LMA','HÜP','HÜP','Assigned','Install Team','2026-05-09T09:00:00Z'),
  ('wot-0030235','WOT0030235','rfs-0020014','LMA','Leitungsweg NE4','CW4','Assigned','Install Team','2026-05-09T09:00:00Z'),
  ('wot-0030236','WOT0030236','rfs-0020014','LMA','GFTA','GFTA','Assigned','Install Team','2026-05-09T09:00:00Z'),
  ('wot-0030237','WOT0030237','rfs-0020039','Connectivity','ONT','ONT','Pending Dispatch','','2026-05-10T09:00:00Z'),
  ('wot-0030238','WOT0030238','rfs-0020014','LMA','Patch','PCH','Pending Dispatch','','2026-05-10T09:00:00Z'),
  ('wot-0030239','WOT0030239','rfs-0020015','LMA','HV-S','HV','Done','Field Ops Team A','2026-04-29T10:00:00Z'),
  ('wot-0030240','WOT0030240','rfs-0020015','LMA','UV-S','UV','not applicable','','2026-05-06T09:00:00Z'),
  ('wot-0030241','WOT0030241','rfs-0020015','LMA','HV-NE4','HV4','Done','Field Ops Team A','2026-04-30T10:00:00Z'),
  ('wot-0030242','WOT0030242','rfs-0020015','LMA','UV-NE4','UV4','not applicable','','2026-05-06T09:00:00Z'),
  ('wot-0030243','WOT0030243','rfs-0020015','LMA','GIS Planung','GP','Done','GIS Team','2026-04-16T09:00:00Z'),
  ('wot-0030244','WOT0030244','rfs-0020015','LMA','Fremdleitungsplan','LLD','Done','GIS Team','2026-04-17T10:00:00Z'),
  ('wot-0030245','WOT0030245','rfs-0020015','LMA','Genehmigungen','PM','Done','Permits Team','2026-04-19T11:00:00Z'),
  ('wot-0030246','WOT0030246','rfs-0020015','LMA','Tiefbau','CV','Done','Civil Works Team','2026-04-24T14:00:00Z'),
  ('wot-0030247','WOT0030247','rfs-0020015','LMA','Spleißen','SP','Work In Progress','Fiber Ops Team','2026-05-13T07:30:00Z'),
  ('wot-0030248','WOT0030248','rfs-0020015','LMA','Einblasen','BF','Assigned','Fiber Ops Team','2026-05-06T09:00:00Z'),
  ('wot-0030249','WOT0030249','rfs-0020015','LMA','Gartenbohrung','GD','Done','Drilling Team','2026-04-28T09:00:00Z'),
  ('wot-0030250','WOT0030250','rfs-0020015','LMA','Hauseinführung','WB','Pending Dispatch','','2026-05-06T09:00:00Z'),
  ('wot-0030251','WOT0030251','rfs-0020015','LMA','HÜP','HÜP','Pending Dispatch','','2026-05-06T09:00:00Z'),
  ('wot-0030252','WOT0030252','rfs-0020015','LMA','Leitungsweg NE4','CW4','Pending Dispatch','','2026-05-06T09:00:00Z'),
  ('wot-0030253','WOT0030253','rfs-0020015','LMA','GFTA','GFTA','Pending Dispatch','','2026-05-06T09:00:00Z'),
  ('wot-0030254','WOT0030254','rfs-0020040','Connectivity','ONT','ONT','Pending Dispatch','','2026-05-06T09:00:00Z'),
  ('wot-0030255','WOT0030255','rfs-0020015','LMA','Patch','PCH','Pending Dispatch','','2026-05-06T09:00:00Z'),
  ('wot-0030256','WOT0030256','rfs-0020016','LMA','HV-S','HV','Pending Dispatch','','2026-05-14T09:00:00Z'),
  ('wot-0030257','WOT0030257','rfs-0020016','LMA','UV-S','UV','not applicable','','2026-05-14T09:00:00Z'),
  ('wot-0030258','WOT0030258','rfs-0020016','LMA','HV-NE4','HV4','Pending Dispatch','','2026-05-14T09:00:00Z'),
  ('wot-0030259','WOT0030259','rfs-0020016','LMA','UV-NE4','UV4','not applicable','','2026-05-14T09:00:00Z'),
  ('wot-0030260','WOT0030260','rfs-0020016','LMA','GIS Planung','GP','Draft','GIS Team','2026-05-14T09:00:00Z'),
  ('wot-0030261','WOT0030261','rfs-0020016','LMA','Fremdleitungsplan','LLD','Pending Dispatch','','2026-05-14T09:00:00Z'),
  ('wot-0030262','WOT0030262','rfs-0020016','LMA','Genehmigungen','PM','Pending Dispatch','','2026-05-14T09:00:00Z'),
  ('wot-0030263','WOT0030263','rfs-0020016','LMA','Tiefbau','CV','Pending Dispatch','','2026-05-14T09:00:00Z'),
  ('wot-0030264','WOT0030264','rfs-0020016','LMA','Spleißen','SP','Pending Dispatch','','2026-05-14T09:00:00Z'),
  ('wot-0030265','WOT0030265','rfs-0020016','LMA','Einblasen','BF','Pending Dispatch','','2026-05-14T09:00:00Z'),
  ('wot-0030266','WOT0030266','rfs-0020016','LMA','Gartenbohrung','GD','Pending Dispatch','','2026-05-14T09:00:00Z'),
  ('wot-0030267','WOT0030267','rfs-0020016','LMA','Hauseinführung','WB','Pending Dispatch','','2026-05-14T09:00:00Z'),
  ('wot-0030268','WOT0030268','rfs-0020016','LMA','HÜP','HÜP','Pending Dispatch','','2026-05-14T09:00:00Z'),
  ('wot-0030269','WOT0030269','rfs-0020016','LMA','Leitungsweg NE4','CW4','Pending Dispatch','','2026-05-14T09:00:00Z'),
  ('wot-0030270','WOT0030270','rfs-0020016','LMA','GFTA','GFTA','Pending Dispatch','','2026-05-14T09:00:00Z'),
  ('wot-0030271','WOT0030271','rfs-0020041','Connectivity','ONT','ONT','Pending Dispatch','','2026-05-14T09:00:00Z'),
  ('wot-0030272','WOT0030272','rfs-0020016','LMA','Patch','PCH','Pending Dispatch','','2026-05-14T09:00:00Z'),
  ('wot-0030273','WOT0030273','rfs-0020017','LMA','HV-S','HV','Pending Dispatch','','2026-05-13T14:00:00Z'),
  ('wot-0030274','WOT0030274','rfs-0020017','LMA','UV-S','UV','not applicable','','2026-05-13T14:00:00Z'),
  ('wot-0030275','WOT0030275','rfs-0020017','LMA','HV-NE4','HV4','not applicable','','2026-05-13T14:00:00Z'),
  ('wot-0030276','WOT0030276','rfs-0020017','LMA','UV-NE4','UV4','not applicable','','2026-05-13T14:00:00Z'),
  ('wot-0030277','WOT0030277','rfs-0020017','LMA','GIS Planung','GP','Draft','GIS Team','2026-05-13T14:00:00Z'),
  ('wot-0030278','WOT0030278','rfs-0020017','LMA','Fremdleitungsplan','LLD','Draft','GIS Team','2026-05-13T14:00:00Z'),
  ('wot-0030279','WOT0030279','rfs-0020017','LMA','Genehmigungen','PM','Pending Dispatch','','2026-05-13T14:00:00Z'),
  ('wot-0030280','WOT0030280','rfs-0020017','LMA','Tiefbau','CV','Pending Dispatch','','2026-05-13T14:00:00Z'),
  ('wot-0030281','WOT0030281','rfs-0020017','LMA','Spleißen','SP','Pending Dispatch','','2026-05-13T14:00:00Z'),
  ('wot-0030282','WOT0030282','rfs-0020017','LMA','Einblasen','BF','Pending Dispatch','','2026-05-13T14:00:00Z'),
  ('wot-0030283','WOT0030283','rfs-0020017','LMA','Gartenbohrung','GD','Pending Dispatch','','2026-05-13T14:00:00Z'),
  ('wot-0030284','WOT0030284','rfs-0020017','LMA','Hauseinführung','WB','Pending Dispatch','','2026-05-13T14:00:00Z'),
  ('wot-0030285','WOT0030285','rfs-0020017','LMA','HÜP','HÜP','Pending Dispatch','','2026-05-13T14:00:00Z'),
  ('wot-0030286','WOT0030286','rfs-0020017','LMA','Leitungsweg NE4','CW4','not applicable','','2026-05-13T14:00:00Z'),
  ('wot-0030287','WOT0030287','rfs-0020017','LMA','GFTA','GFTA','Pending Dispatch','','2026-05-13T14:00:00Z'),
  ('wot-0030288','WOT0030288','rfs-0020042','Connectivity','ONT','ONT','Pending Dispatch','','2026-05-13T14:00:00Z'),
  ('wot-0030289','WOT0030289','rfs-0020017','LMA','Patch','PCH','Pending Dispatch','','2026-05-13T14:00:00Z'),
  ('wot-0030290','WOT0030290','rfs-0020018','LMA','HV-S','HV','Done','Field Ops Team B','2026-04-30T10:00:00Z'),
  ('wot-0030291','WOT0030291','rfs-0020018','LMA','UV-S','UV','not applicable','','2026-05-07T09:00:00Z'),
  ('wot-0030292','WOT0030292','rfs-0020018','LMA','HV-NE4','HV4','Done','Field Ops Team B','2026-05-01T10:00:00Z'),
  ('wot-0030293','WOT0030293','rfs-0020018','LMA','UV-NE4','UV4','not applicable','','2026-05-07T09:00:00Z'),
  ('wot-0030294','WOT0030294','rfs-0020018','LMA','GIS Planung','GP','Done','GIS Team','2026-04-17T09:00:00Z'),
  ('wot-0030295','WOT0030295','rfs-0020018','LMA','Fremdleitungsplan','LLD','Done','GIS Team','2026-04-18T10:00:00Z'),
  ('wot-0030296','WOT0030296','rfs-0020018','LMA','Genehmigungen','PM','Done','Permits Team','2026-04-20T11:00:00Z'),
  ('wot-0030297','WOT0030297','rfs-0020018','LMA','Tiefbau','CV','Done','Civil Works Team','2026-04-25T14:00:00Z'),
  ('wot-0030298','WOT0030298','rfs-0020018','LMA','Spleißen','SP','Done','Fiber Ops Team','2026-04-29T10:00:00Z'),
  ('wot-0030299','WOT0030299','rfs-0020018','LMA','Einblasen','BF','Done','Fiber Ops Team','2026-04-29T14:00:00Z'),
  ('wot-0030300','WOT0030300','rfs-0020018','LMA','Gartenbohrung','GD','Done','Drilling Team','2026-04-28T09:00:00Z'),
  ('wot-0030301','WOT0030301','rfs-0020018','LMA','Hauseinführung','WB','Problem','Install Team','2026-05-13T11:00:00Z'),
  ('wot-0030302','WOT0030302','rfs-0020018','LMA','HÜP','HÜP','Done','Install Team','2026-05-05T10:00:00Z'),
  ('wot-0030303','WOT0030303','rfs-0020018','LMA','Leitungsweg NE4','CW4','Assigned','Install Team','2026-05-07T09:00:00Z'),
  ('wot-0030304','WOT0030304','rfs-0020018','LMA','GFTA','GFTA','Pending Dispatch','','2026-05-08T09:00:00Z'),
  ('wot-0030305','WOT0030305','rfs-0020043','Connectivity','ONT','ONT','Pending Dispatch','','2026-05-08T09:00:00Z'),
  ('wot-0030306','WOT0030306','rfs-0020018','LMA','Patch','PCH','Pending Dispatch','','2026-05-08T09:00:00Z'),
  ('wot-0030307','WOT0030307','rfs-0020019','LMA','HV-S','HV','Pending Dispatch','','2026-05-06T09:00:00Z'),
  ('wot-0030308','WOT0030308','rfs-0020019','LMA','UV-S','UV','not applicable','','2026-05-06T09:00:00Z'),
  ('wot-0030309','WOT0030309','rfs-0020019','LMA','HV-NE4','HV4','Pending Dispatch','','2026-05-06T09:00:00Z'),
  ('wot-0030310','WOT0030310','rfs-0020019','LMA','UV-NE4','UV4','not applicable','','2026-05-06T09:00:00Z'),
  ('wot-0030311','WOT0030311','rfs-0020019','LMA','GIS Planung','GP','Done','GIS Team','2026-04-22T09:00:00Z'),
  ('wot-0030312','WOT0030312','rfs-0020019','LMA','Fremdleitungsplan','LLD','Done','GIS Team','2026-04-23T10:00:00Z'),
  ('wot-0030313','WOT0030313','rfs-0020019','LMA','Genehmigungen','PM','Problem','Permits Team','2026-05-11T15:00:00Z'),
  ('wot-0030314','WOT0030314','rfs-0020019','LMA','Tiefbau','CV','Problem','Civil Works Team','2026-05-12T09:00:00Z'),
  ('wot-0030315','WOT0030315','rfs-0020019','LMA','Spleißen','SP','Pending Dispatch','','2026-05-06T09:00:00Z'),
  ('wot-0030316','WOT0030316','rfs-0020019','LMA','Einblasen','BF','Pending Dispatch','','2026-05-06T09:00:00Z'),
  ('wot-0030317','WOT0030317','rfs-0020019','LMA','Gartenbohrung','GD','Pending Dispatch','','2026-05-06T09:00:00Z'),
  ('wot-0030318','WOT0030318','rfs-0020019','LMA','Hauseinführung','WB','Pending Dispatch','','2026-05-06T09:00:00Z'),
  ('wot-0030319','WOT0030319','rfs-0020019','LMA','HÜP','HÜP','Pending Dispatch','','2026-05-06T09:00:00Z'),
  ('wot-0030320','WOT0030320','rfs-0020019','LMA','Leitungsweg NE4','CW4','Pending Dispatch','','2026-05-06T09:00:00Z'),
  ('wot-0030321','WOT0030321','rfs-0020019','LMA','GFTA','GFTA','Pending Dispatch','','2026-05-06T09:00:00Z'),
  ('wot-0030322','WOT0030322','rfs-0020044','Connectivity','ONT','ONT','Pending Dispatch','','2026-05-06T09:00:00Z'),
  ('wot-0030323','WOT0030323','rfs-0020019','LMA','Patch','PCH','Pending Dispatch','','2026-05-06T09:00:00Z'),
  ('wot-0030324','WOT0030324','rfs-0020020','LMA','HV-S','HV','Done','Field Ops Team A','2026-05-03T10:00:00Z'),
  ('wot-0030325','WOT0030325','rfs-0020020','LMA','UV-S','UV','not applicable','','2026-05-05T09:00:00Z'),
  ('wot-0030326','WOT0030326','rfs-0020020','LMA','HV-NE4','HV4','Done','Field Ops Team A','2026-05-04T10:00:00Z'),
  ('wot-0030327','WOT0030327','rfs-0020020','LMA','UV-NE4','UV4','not applicable','','2026-05-05T09:00:00Z'),
  ('wot-0030328','WOT0030328','rfs-0020020','LMA','GIS Planung','GP','Done','GIS Team','2026-04-21T09:00:00Z'),
  ('wot-0030329','WOT0030329','rfs-0020020','LMA','Fremdleitungsplan','LLD','Done','GIS Team','2026-04-22T10:00:00Z'),
  ('wot-0030330','WOT0030330','rfs-0020020','LMA','Genehmigungen','PM','Done','Permits Team','2026-04-24T11:00:00Z'),
  ('wot-0030331','WOT0030331','rfs-0020020','LMA','Tiefbau','CV','Work In Progress','Civil Works Team','2026-05-13T06:30:00Z'),
  ('wot-0030332','WOT0030332','rfs-0020020','LMA','Spleißen','SP','Assigned','Fiber Ops Team','2026-05-05T09:00:00Z'),
  ('wot-0030333','WOT0030333','rfs-0020020','LMA','Einblasen','BF','Pending Dispatch','','2026-05-06T09:00:00Z'),
  ('wot-0030334','WOT0030334','rfs-0020020','LMA','Gartenbohrung','GD','Assigned','Drilling Team','2026-05-05T09:00:00Z'),
  ('wot-0030335','WOT0030335','rfs-0020020','LMA','Hauseinführung','WB','Pending Dispatch','','2026-05-06T09:00:00Z'),
  ('wot-0030336','WOT0030336','rfs-0020020','LMA','HÜP','HÜP','Pending Dispatch','','2026-05-06T09:00:00Z'),
  ('wot-0030337','WOT0030337','rfs-0020020','LMA','Leitungsweg NE4','CW4','Pending Dispatch','','2026-05-06T09:00:00Z'),
  ('wot-0030338','WOT0030338','rfs-0020020','LMA','GFTA','GFTA','Pending Dispatch','','2026-05-06T09:00:00Z'),
  ('wot-0030339','WOT0030339','rfs-0020045','Connectivity','ONT','ONT','Pending Dispatch','','2026-05-06T09:00:00Z'),
  ('wot-0030340','WOT0030340','rfs-0020020','LMA','Patch','PCH','Pending Dispatch','','2026-05-06T09:00:00Z'),
  ('wot-0030341','WOT0030341','rfs-0020021','LMA','HV-S','HV','not applicable','','2026-05-05T09:00:00Z'),
  ('wot-0030342','WOT0030342','rfs-0020021','LMA','UV-S','UV','Assigned','MDU Field Ops Team','2026-05-09T09:00:00Z'),
  ('wot-0030343','WOT0030343','rfs-0020021','LMA','HV-NE4','HV4','not applicable','','2026-05-05T09:00:00Z'),
  ('wot-0030344','WOT0030344','rfs-0020021','LMA','UV-NE4','UV4','not applicable','','2026-05-05T09:00:00Z'),
  ('wot-0030345','WOT0030345','rfs-0020021','LMA','GIS Planung','GP','Done','GIS Team','2026-04-20T09:00:00Z'),
  ('wot-0030346','WOT0030346','rfs-0020021','LMA','Fremdleitungsplan','LLD','Done','GIS Team','2026-04-21T10:00:00Z'),
  ('wot-0030347','WOT0030347','rfs-0020021','LMA','Genehmigungen','PM','Done','Permits Team','2026-04-23T11:00:00Z'),
  ('wot-0030348','WOT0030348','rfs-0020021','LMA','Tiefbau','CV','Done','Civil Works Team','2026-04-28T14:00:00Z'),
  ('wot-0030349','WOT0030349','rfs-0020021','LMA','Spleißen','SP','Done','Fiber Ops Team','2026-05-02T10:00:00Z'),
  ('wot-0030350','WOT0030350','rfs-0020021','LMA','Einblasen','BF','Done','Fiber Ops Team','2026-05-02T14:00:00Z'),
  ('wot-0030351','WOT0030351','rfs-0020021','LMA','Gartenbohrung','GD','Done','Drilling Team','2026-05-01T09:00:00Z'),
  ('wot-0030352','WOT0030352','rfs-0020021','LMA','Hauseinführung','WB','Assigned','Install Team','2026-05-09T09:00:00Z'),
  ('wot-0030353','WOT0030353','rfs-0020021','LMA','HÜP','HÜP','Assigned','Install Team','2026-05-09T09:00:00Z'),
  ('wot-0030354','WOT0030354','rfs-0020021','LMA','Leitungsweg NE4','CW4','not applicable','','2026-05-05T09:00:00Z'),
  ('wot-0030355','WOT0030355','rfs-0020021','LMA','GFTA','GFTA','Assigned','Install Team','2026-05-09T09:00:00Z'),
  ('wot-0030356','WOT0030356','rfs-0020046','Connectivity','ONT','ONT','Pending Dispatch','','2026-05-10T09:00:00Z'),
  ('wot-0030357','WOT0030357','rfs-0020021','LMA','Patch','PCH','Pending Dispatch','','2026-05-10T09:00:00Z'),
  ('wot-0030358','WOT0030358','rfs-0020022','LMA','HV-S','HV','not applicable','','2026-05-08T09:00:00Z'),
  ('wot-0030359','WOT0030359','rfs-0020022','LMA','UV-S','UV','Done','MDU Field Ops Team','2026-05-06T10:00:00Z'),
  ('wot-0030360','WOT0030360','rfs-0020022','LMA','HV-NE4','HV4','not applicable','','2026-05-08T09:00:00Z'),
  ('wot-0030361','WOT0030361','rfs-0020022','LMA','UV-NE4','UV4','Done','MDU Field Ops Team','2026-05-06T11:00:00Z'),
  ('wot-0030362','WOT0030362','rfs-0020022','LMA','GIS Planung','GP','Done','GIS Team','2026-04-15T09:00:00Z'),
  ('wot-0030363','WOT0030363','rfs-0020022','LMA','Fremdleitungsplan','LLD','Done','GIS Team','2026-04-16T10:00:00Z'),
  ('wot-0030364','WOT0030364','rfs-0020022','LMA','Genehmigungen','PM','Done','Permits Team','2026-04-18T11:00:00Z'),
  ('wot-0030365','WOT0030365','rfs-0020022','LMA','Tiefbau','CV','Done','Civil Works Team','2026-04-23T14:00:00Z'),
  ('wot-0030366','WOT0030366','rfs-0020022','LMA','Spleißen','SP','Done','Fiber Ops Team','2026-04-28T10:00:00Z'),
  ('wot-0030367','WOT0030367','rfs-0020022','LMA','Einblasen','BF','Done','Fiber Ops Team','2026-04-28T14:00:00Z'),
  ('wot-0030368','WOT0030368','rfs-0020022','LMA','Gartenbohrung','GD','Done','Drilling Team','2026-04-27T09:00:00Z'),
  ('wot-0030369','WOT0030369','rfs-0020022','LMA','Hauseinführung','WB','Done','Install Team','2026-05-02T14:00:00Z'),
  ('wot-0030370','WOT0030370','rfs-0020022','LMA','HÜP','HÜP','Done','Install Team','2026-05-05T10:00:00Z'),
  ('wot-0030371','WOT0030371','rfs-0020022','LMA','Leitungsweg NE4','CW4','Done','Install Team','2026-05-06T09:00:00Z'),
  ('wot-0030372','WOT0030372','rfs-0020022','LMA','GFTA','GFTA','Done','Install Team','2026-05-06T14:00:00Z'),
  ('wot-0030373','WOT0030373','rfs-0020047','Connectivity','ONT','ONT','Assigned','Install Team','2026-05-08T09:00:00Z'),
  ('wot-0030374','WOT0030374','rfs-0020022','LMA','Patch','PCH','Pending Dispatch','','2026-05-09T09:00:00Z'),
  ('wot-0030375','WOT0030375','rfs-0020023','LMA','HV-S','HV','Done','Field Ops Team C','2026-04-20T10:00:00Z'),
  ('wot-0030376','WOT0030376','rfs-0020023','LMA','UV-S','UV','not applicable','','2026-05-10T09:00:00Z'),
  ('wot-0030377','WOT0030377','rfs-0020023','LMA','HV-NE4','HV4','Done','Field Ops Team C','2026-04-21T10:00:00Z'),
  ('wot-0030378','WOT0030378','rfs-0020023','LMA','UV-NE4','UV4','not applicable','','2026-05-10T09:00:00Z'),
  ('wot-0030379','WOT0030379','rfs-0020023','LMA','GIS Planung','GP','Done','GIS Team','2026-04-05T09:00:00Z'),
  ('wot-0030380','WOT0030380','rfs-0020023','LMA','Fremdleitungsplan','LLD','Done','GIS Team','2026-04-06T10:00:00Z'),
  ('wot-0030381','WOT0030381','rfs-0020023','LMA','Genehmigungen','PM','Done','Permits Team','2026-04-08T11:00:00Z'),
  ('wot-0030382','WOT0030382','rfs-0020023','LMA','Tiefbau','CV','Done','Civil Works Team','2026-04-13T14:00:00Z'),
  ('wot-0030383','WOT0030383','rfs-0020023','LMA','Spleißen','SP','Done','Fiber Ops Team','2026-04-17T10:00:00Z'),
  ('wot-0030384','WOT0030384','rfs-0020023','LMA','Einblasen','BF','Done','Fiber Ops Team','2026-04-17T14:00:00Z'),
  ('wot-0030385','WOT0030385','rfs-0020023','LMA','Gartenbohrung','GD','Done','Drilling Team','2026-04-16T09:00:00Z'),
  ('wot-0030386','WOT0030386','rfs-0020023','LMA','Hauseinführung','WB','Done','Install Team','2026-04-20T14:00:00Z'),
  ('wot-0030387','WOT0030387','rfs-0020023','LMA','HÜP','HÜP','Done','Install Team','2026-04-22T10:00:00Z'),
  ('wot-0030388','WOT0030388','rfs-0020023','LMA','Leitungsweg NE4','CW4','Done','Install Team','2026-04-24T09:00:00Z'),
  ('wot-0030389','WOT0030389','rfs-0020023','LMA','GFTA','GFTA','Done','Install Team','2026-04-26T14:00:00Z'),
  ('wot-0030390','WOT0030390','rfs-0020048','Connectivity','ONT','ONT','Assigned','Install Team','2026-05-10T09:00:00Z'),
  ('wot-0030391','WOT0030391','rfs-0020023','LMA','Patch','PCH','Pending Dispatch','','2026-05-11T09:00:00Z'),
  ('wot-0030392','WOT0030392','rfs-0020024','LMA','HV-S','HV','not applicable','','2026-05-06T09:00:00Z'),
  ('wot-0030393','WOT0030393','rfs-0020024','LMA','UV-S','UV','Assigned','MDU Field Ops Team','2026-05-10T09:00:00Z'),
  ('wot-0030394','WOT0030394','rfs-0020024','LMA','HV-NE4','HV4','not applicable','','2026-05-06T09:00:00Z'),
  ('wot-0030395','WOT0030395','rfs-0020024','LMA','UV-NE4','UV4','Assigned','MDU Field Ops Team','2026-05-10T09:00:00Z'),
  ('wot-0030396','WOT0030396','rfs-0020024','LMA','GIS Planung','GP','Done','GIS Team','2026-04-19T09:00:00Z'),
  ('wot-0030397','WOT0030397','rfs-0020024','LMA','Fremdleitungsplan','LLD','Done','GIS Team','2026-04-20T10:00:00Z'),
  ('wot-0030398','WOT0030398','rfs-0020024','LMA','Genehmigungen','PM','Done','Permits Team','2026-04-22T11:00:00Z'),
  ('wot-0030399','WOT0030399','rfs-0020024','LMA','Tiefbau','CV','Done','Civil Works Team','2026-04-29T14:00:00Z'),
  ('wot-0030400','WOT0030400','rfs-0020024','LMA','Spleißen','SP','Done','Fiber Ops Team','2026-05-05T10:00:00Z'),
  ('wot-0030401','WOT0030401','rfs-0020024','LMA','Einblasen','BF','Done','Fiber Ops Team','2026-05-05T14:00:00Z'),
  ('wot-0030402','WOT0030402','rfs-0020024','LMA','Gartenbohrung','GD','Done','Drilling Team','2026-05-04T09:00:00Z'),
  ('wot-0030403','WOT0030403','rfs-0020024','LMA','Hauseinführung','WB','Work In Progress','Install Team','2026-05-14T07:00:00Z'),
  ('wot-0030404','WOT0030404','rfs-0020024','LMA','HÜP','HÜP','Assigned','Install Team','2026-05-10T09:00:00Z'),
  ('wot-0030405','WOT0030405','rfs-0020024','LMA','Leitungsweg NE4','CW4','Assigned','Install Team','2026-05-10T09:00:00Z'),
  ('wot-0030406','WOT0030406','rfs-0020024','LMA','GFTA','GFTA','Pending Dispatch','','2026-05-11T09:00:00Z'),
  ('wot-0030407','WOT0030407','rfs-0020049','Connectivity','ONT','ONT','Pending Dispatch','','2026-05-11T09:00:00Z'),
  ('wot-0030408','WOT0030408','rfs-0020024','LMA','Patch','PCH','Pending Dispatch','','2026-05-11T09:00:00Z'),
  ('wot-0030409','WOT0030409','rfs-0020025','LMA','HV-S','HV','Done','Field Ops Team A','2026-04-15T10:00:00Z'),
  ('wot-0030410','WOT0030410','rfs-0020025','LMA','UV-S','UV','not applicable','','2026-04-15T10:00:00Z'),
  ('wot-0030411','WOT0030411','rfs-0020025','LMA','HV-NE4','HV4','not applicable','','2026-04-15T10:00:00Z'),
  ('wot-0030412','WOT0030412','rfs-0020025','LMA','UV-NE4','UV4','not applicable','','2026-04-15T10:00:00Z'),
  ('wot-0030413','WOT0030413','rfs-0020025','LMA','GIS Planung','GP','Done','GIS Team','2026-03-25T09:00:00Z'),
  ('wot-0030414','WOT0030414','rfs-0020025','LMA','Fremdleitungsplan','LLD','Done','GIS Team','2026-03-26T10:00:00Z'),
  ('wot-0030415','WOT0030415','rfs-0020025','LMA','Genehmigungen','PM','Done','Permits Team','2026-03-28T11:00:00Z'),
  ('wot-0030416','WOT0030416','rfs-0020025','LMA','Tiefbau','CV','Done','Civil Works Team','2026-04-02T14:00:00Z'),
  ('wot-0030417','WOT0030417','rfs-0020025','LMA','Spleißen','SP','Done','Fiber Ops Team','2026-04-07T10:00:00Z'),
  ('wot-0030418','WOT0030418','rfs-0020025','LMA','Einblasen','BF','Done','Fiber Ops Team','2026-04-07T14:00:00Z'),
  ('wot-0030419','WOT0030419','rfs-0020025','LMA','Gartenbohrung','GD','Done','Drilling Team','2026-04-06T09:00:00Z'),
  ('wot-0030420','WOT0030420','rfs-0020025','LMA','Hauseinführung','WB','Done','Install Team','2026-04-10T14:00:00Z'),
  ('wot-0030421','WOT0030421','rfs-0020025','LMA','HÜP','HÜP','Done','Install Team','2026-04-12T10:00:00Z'),
  ('wot-0030422','WOT0030422','rfs-0020025','LMA','Leitungsweg NE4','CW4','not applicable','','2026-04-15T10:00:00Z'),
  ('wot-0030423','WOT0030423','rfs-0020025','LMA','GFTA','GFTA','Done','Install Team','2026-04-13T14:00:00Z'),
  ('wot-0030424','WOT0030424','rfs-0020050','Connectivity','ONT','ONT','Done','Install Team','2026-04-14T10:00:00Z'),
  ('wot-0030425','WOT0030425','rfs-0020025','LMA','Patch','PCH','Done','Patch Team','2026-04-15T10:00:00Z');
